Dataset,Epsilon,Approach,Utility Metric,Utility
hair,1,dpsyn,point_error,0.5473333333333333
hair,1,dpsyn,point_error,0.5455
hair,1,dpsyn,point_error,0.5745
hair,1,dpsyn,point_error,0.5221666666666667
hair,1,dpsyn,point_error,0.5088333333333334
hair,1,dpsyn,point_error,0.567
hair,1,dpsyn,point_error,0.5843333333333334
hair,1,dpsyn,point_error,0.553
hair,1,dpsyn,point_error,0.5346666666666666
hair,1,dpsyn,point_error,0.5796666666666667
hair,2,dpsyn,point_error,0.5473333333333333
hair,2,dpsyn,point_error,0.5455
hair,2,dpsyn,point_error,0.5745
hair,2,dpsyn,point_error,0.5221666666666667
hair,2,dpsyn,point_error,0.5088333333333334
hair,2,dpsyn,point_error,0.567
hair,2,dpsyn,point_error,0.5843333333333334
hair,2,dpsyn,point_error,0.553
hair,2,dpsyn,point_error,0.5346666666666666
hair,2,dpsyn,point_error,0.5796666666666667
hair,3,dpsyn,point_error,0.5473333333333333
hair,3,dpsyn,point_error,0.5455
hair,3,dpsyn,point_error,0.5745
hair,3,dpsyn,point_error,0.5221666666666667
hair,3,dpsyn,point_error,0.5088333333333334
hair,3,dpsyn,point_error,0.567
hair,3,dpsyn,point_error,0.5843333333333334
hair,3,dpsyn,point_error,0.553
hair,3,dpsyn,point_error,0.5346666666666666
hair,3,dpsyn,point_error,0.5796666666666667
hair,4,dpsyn,point_error,0.5473333333333333
hair,4,dpsyn,point_error,0.5455
hair,4,dpsyn,point_error,0.5745
hair,4,dpsyn,point_error,0.5221666666666667
hair,4,dpsyn,point_error,0.5088333333333334
hair,4,dpsyn,point_error,0.567
hair,4,dpsyn,point_error,0.5843333333333334
hair,4,dpsyn,point_error,0.553
hair,4,dpsyn,point_error,0.5346666666666666
hair,4,dpsyn,point_error,0.5796666666666667
hair,5,dpsyn,point_error,0.5473333333333333
hair,5,dpsyn,point_error,0.5455
hair,5,dpsyn,point_error,0.5745
hair,5,dpsyn,point_error,0.5221666666666667
hair,5,dpsyn,point_error,0.5088333333333334
hair,5,dpsyn,point_error,0.567
hair,5,dpsyn,point_error,0.5843333333333334
hair,5,dpsyn,point_error,0.553
hair,5,dpsyn,point_error,0.5346666666666666
hair,5,dpsyn,point_error,0.5796666666666667
hair,1,privbayes,point_error,0.42683333333333334
hair,1,privbayes,point_error,0.39066666666666666
hair,1,privbayes,point_error,0.4251666666666667
hair,1,privbayes,point_error,0.354
hair,1,privbayes,point_error,0.3725
hair,1,privbayes,point_error,0.43
hair,1,privbayes,point_error,0.4365
hair,1,privbayes,point_error,0.4196666666666667
hair,1,privbayes,point_error,0.37733333333333335
hair,1,privbayes,point_error,0.4425
hair,2,privbayes,point_error,0.4008333333333333
hair,2,privbayes,point_error,0.38183333333333336
hair,2,privbayes,point_error,0.4088333333333333
hair,2,privbayes,point_error,0.3565
hair,2,privbayes,point_error,0.36966666666666664
hair,2,privbayes,point_error,0.4111666666666667
hair,2,privbayes,point_error,0.4063333333333333
hair,2,privbayes,point_error,0.3978333333333333
hair,2,privbayes,point_error,0.35483333333333333
hair,2,privbayes,point_error,0.4295
hair,3,privbayes,point_error,0.41233333333333333
hair,3,privbayes,point_error,0.371
hair,3,privbayes,point_error,0.4056666666666667
hair,3,privbayes,point_error,0.3463333333333333
hair,3,privbayes,point_error,0.3635
hair,3,privbayes,point_error,0.3968333333333333
hair,3,privbayes,point_error,0.4036666666666667
hair,3,privbayes,point_error,0.4071666666666667
hair,3,privbayes,point_error,0.3581666666666667
hair,3,privbayes,point_error,0.42433333333333334
hair,4,privbayes,point_error,0.4063333333333333
hair,4,privbayes,point_error,0.36783333333333335
hair,4,privbayes,point_error,0.39016666666666666
hair,4,privbayes,point_error,0.3445
hair,4,privbayes,point_error,0.35833333333333334
hair,4,privbayes,point_error,0.4085
hair,4,privbayes,point_error,0.3918333333333333
hair,4,privbayes,point_error,0.38266666666666665
hair,4,privbayes,point_error,0.3478333333333333
hair,4,privbayes,point_error,0.4161666666666667
hair,5,privbayes,point_error,0.4045
hair,5,privbayes,point_error,0.37333333333333335
hair,5,privbayes,point_error,0.4015
hair,5,privbayes,point_error,0.3365
hair,5,privbayes,point_error,0.36616666666666664
hair,5,privbayes,point_error,0.401
hair,5,privbayes,point_error,0.3858333333333333
hair,5,privbayes,point_error,0.3755
hair,5,privbayes,point_error,0.353
hair,5,privbayes,point_error,0.41333333333333333
hair,1,dpsyn,calc_sample_distance,0.685
hair,1,dpsyn,calc_sample_distance,0.6795000000000001
hair,1,dpsyn,calc_sample_distance,0.7264999999999999
hair,1,dpsyn,calc_sample_distance,0.6699999999999999
hair,1,dpsyn,calc_sample_distance,0.6345
hair,1,dpsyn,calc_sample_distance,0.7315000000000002
hair,1,dpsyn,calc_sample_distance,0.7446666666666668
hair,1,dpsyn,calc_sample_distance,0.6943333333333334
hair,1,dpsyn,calc_sample_distance,0.6781666666666667
hair,1,dpsyn,calc_sample_distance,0.7413333333333333
hair,2,dpsyn,calc_sample_distance,0.685
hair,2,dpsyn,calc_sample_distance,0.6795000000000001
hair,2,dpsyn,calc_sample_distance,0.7264999999999999
hair,2,dpsyn,calc_sample_distance,0.6699999999999999
hair,2,dpsyn,calc_sample_distance,0.6345
hair,2,dpsyn,calc_sample_distance,0.7315000000000002
hair,2,dpsyn,calc_sample_distance,0.7446666666666668
hair,2,dpsyn,calc_sample_distance,0.6943333333333334
hair,2,dpsyn,calc_sample_distance,0.6781666666666667
hair,2,dpsyn,calc_sample_distance,0.7413333333333333
hair,3,dpsyn,calc_sample_distance,0.685
hair,3,dpsyn,calc_sample_distance,0.6795000000000001
hair,3,dpsyn,calc_sample_distance,0.7264999999999999
hair,3,dpsyn,calc_sample_distance,0.6699999999999999
hair,3,dpsyn,calc_sample_distance,0.6345
hair,3,dpsyn,calc_sample_distance,0.7315000000000002
hair,3,dpsyn,calc_sample_distance,0.7446666666666668
hair,3,dpsyn,calc_sample_distance,0.6943333333333334
hair,3,dpsyn,calc_sample_distance,0.6781666666666667
hair,3,dpsyn,calc_sample_distance,0.7413333333333333
hair,4,dpsyn,calc_sample_distance,0.685
hair,4,dpsyn,calc_sample_distance,0.6795000000000001
hair,4,dpsyn,calc_sample_distance,0.7264999999999999
hair,4,dpsyn,calc_sample_distance,0.6699999999999999
hair,4,dpsyn,calc_sample_distance,0.6345
hair,4,dpsyn,calc_sample_distance,0.7315000000000002
hair,4,dpsyn,calc_sample_distance,0.7446666666666668
hair,4,dpsyn,calc_sample_distance,0.6943333333333334
hair,4,dpsyn,calc_sample_distance,0.6781666666666667
hair,4,dpsyn,calc_sample_distance,0.7413333333333333
hair,5,dpsyn,calc_sample_distance,0.685
hair,5,dpsyn,calc_sample_distance,0.6795000000000001
hair,5,dpsyn,calc_sample_distance,0.7264999999999999
hair,5,dpsyn,calc_sample_distance,0.6699999999999999
hair,5,dpsyn,calc_sample_distance,0.6345
hair,5,dpsyn,calc_sample_distance,0.7315000000000002
hair,5,dpsyn,calc_sample_distance,0.7446666666666668
hair,5,dpsyn,calc_sample_distance,0.6943333333333334
hair,5,dpsyn,calc_sample_distance,0.6781666666666667
hair,5,dpsyn,calc_sample_distance,0.7413333333333333
hair,1,privbayes,calc_sample_distance,0.5103333333333333
hair,1,privbayes,calc_sample_distance,0.46033333333333337
hair,1,privbayes,calc_sample_distance,0.5095
hair,1,privbayes,calc_sample_distance,0.4263333333333333
hair,1,privbayes,calc_sample_distance,0.43533333333333335
hair,1,privbayes,calc_sample_distance,0.5075
hair,1,privbayes,calc_sample_distance,0.529
hair,1,privbayes,calc_sample_distance,0.497
hair,1,privbayes,calc_sample_distance,0.4381666666666666
hair,1,privbayes,calc_sample_distance,0.5281666666666667
hair,2,privbayes,calc_sample_distance,0.4690000000000001
hair,2,privbayes,calc_sample_distance,0.43616666666666665
hair,2,privbayes,calc_sample_distance,0.4793333333333333
hair,2,privbayes,calc_sample_distance,0.4201666666666667
hair,2,privbayes,calc_sample_distance,0.4285
hair,2,privbayes,calc_sample_distance,0.4823333333333332
hair,2,privbayes,calc_sample_distance,0.47400000000000003
hair,2,privbayes,calc_sample_distance,0.4611666666666668
hair,2,privbayes,calc_sample_distance,0.414
hair,2,privbayes,calc_sample_distance,0.5068333333333334
hair,3,privbayes,calc_sample_distance,0.47566666666666674
hair,3,privbayes,calc_sample_distance,0.4339999999999999
hair,3,privbayes,calc_sample_distance,0.4773333333333334
hair,3,privbayes,calc_sample_distance,0.4065
hair,3,privbayes,calc_sample_distance,0.42166666666666675
hair,3,privbayes,calc_sample_distance,0.46283333333333326
hair,3,privbayes,calc_sample_distance,0.47
hair,3,privbayes,calc_sample_distance,0.46633333333333343
hair,3,privbayes,calc_sample_distance,0.41433333333333333
hair,3,privbayes,calc_sample_distance,0.4926666666666666
hair,4,privbayes,calc_sample_distance,0.4685000000000001
hair,4,privbayes,calc_sample_distance,0.4243333333333333
hair,4,privbayes,calc_sample_distance,0.45699999999999996
hair,4,privbayes,calc_sample_distance,0.39916666666666667
hair,4,privbayes,calc_sample_distance,0.41166666666666674
hair,4,privbayes,calc_sample_distance,0.4756666666666666
hair,4,privbayes,calc_sample_distance,0.45266666666666666
hair,4,privbayes,calc_sample_distance,0.4403333333333334
hair,4,privbayes,calc_sample_distance,0.40116666666666667
hair,4,privbayes,calc_sample_distance,0.4788333333333333
hair,5,privbayes,calc_sample_distance,0.4656666666666667
hair,5,privbayes,calc_sample_distance,0.43200000000000005
hair,5,privbayes,calc_sample_distance,0.46983333333333327
hair,5,privbayes,calc_sample_distance,0.3931666666666666
hair,5,privbayes,calc_sample_distance,0.42066666666666663
hair,5,privbayes,calc_sample_distance,0.4673333333333334
hair,5,privbayes,calc_sample_distance,0.4483333333333333
hair,5,privbayes,calc_sample_distance,0.43183333333333335
hair,5,privbayes,calc_sample_distance,0.4033333333333334
hair,5,privbayes,calc_sample_distance,0.473
hair,1,dpsyn,mean_error,0.38299999999999995
hair,1,dpsyn,mean_error,0.41016666666666657
hair,1,dpsyn,mean_error,0.43450000000000005
hair,1,dpsyn,mean_error,0.424
hair,1,dpsyn,mean_error,0.3728333333333334
hair,1,dpsyn,mean_error,0.4215
hair,1,dpsyn,mean_error,0.46566666666666656
hair,1,dpsyn,mean_error,0.4156666666666667
hair,1,dpsyn,mean_error,0.4261666666666667
hair,1,dpsyn,mean_error,0.43999999999999995
hair,2,dpsyn,mean_error,0.38299999999999995
hair,2,dpsyn,mean_error,0.41016666666666657
hair,2,dpsyn,mean_error,0.43450000000000005
hair,2,dpsyn,mean_error,0.424
hair,2,dpsyn,mean_error,0.3728333333333334
hair,2,dpsyn,mean_error,0.4215
hair,2,dpsyn,mean_error,0.46566666666666656
hair,2,dpsyn,mean_error,0.4156666666666667
hair,2,dpsyn,mean_error,0.4261666666666667
hair,2,dpsyn,mean_error,0.43999999999999995
hair,3,dpsyn,mean_error,0.38299999999999995
hair,3,dpsyn,mean_error,0.41016666666666657
hair,3,dpsyn,mean_error,0.43450000000000005
hair,3,dpsyn,mean_error,0.424
hair,3,dpsyn,mean_error,0.3728333333333334
hair,3,dpsyn,mean_error,0.4215
hair,3,dpsyn,mean_error,0.46566666666666656
hair,3,dpsyn,mean_error,0.4156666666666667
hair,3,dpsyn,mean_error,0.4261666666666667
hair,3,dpsyn,mean_error,0.43999999999999995
hair,4,dpsyn,mean_error,0.38299999999999995
hair,4,dpsyn,mean_error,0.41016666666666657
hair,4,dpsyn,mean_error,0.43450000000000005
hair,4,dpsyn,mean_error,0.424
hair,4,dpsyn,mean_error,0.3728333333333334
hair,4,dpsyn,mean_error,0.4215
hair,4,dpsyn,mean_error,0.46566666666666656
hair,4,dpsyn,mean_error,0.4156666666666667
hair,4,dpsyn,mean_error,0.4261666666666667
hair,4,dpsyn,mean_error,0.43999999999999995
hair,5,dpsyn,mean_error,0.38299999999999995
hair,5,dpsyn,mean_error,0.41016666666666657
hair,5,dpsyn,mean_error,0.43450000000000005
hair,5,dpsyn,mean_error,0.424
hair,5,dpsyn,mean_error,0.3728333333333334
hair,5,dpsyn,mean_error,0.4215
hair,5,dpsyn,mean_error,0.46566666666666656
hair,5,dpsyn,mean_error,0.4156666666666667
hair,5,dpsyn,mean_error,0.4261666666666667
hair,5,dpsyn,mean_error,0.43999999999999995
hair,1,privbayes,mean_error,0.1366666666666667
hair,1,privbayes,mean_error,0.11099999999999997
hair,1,privbayes,mean_error,0.14083333333333334
hair,1,privbayes,mean_error,0.11033333333333335
hair,1,privbayes,mean_error,0.09633333333333333
hair,1,privbayes,mean_error,0.1428333333333333
hair,1,privbayes,mean_error,0.16733333333333333
hair,1,privbayes,mean_error,0.1376666666666667
hair,1,privbayes,mean_error,0.11183333333333331
hair,1,privbayes,mean_error,0.13716666666666666
hair,2,privbayes,mean_error,0.07966666666666666
hair,2,privbayes,mean_error,0.0851666666666667
hair,2,privbayes,mean_error,0.092
hair,2,privbayes,mean_error,0.08083333333333334
hair,2,privbayes,mean_error,0.07216666666666666
hair,2,privbayes,mean_error,0.08833333333333333
hair,2,privbayes,mean_error,0.079
hair,2,privbayes,mean_error,0.09083333333333336
hair,2,privbayes,mean_error,0.087
hair,2,privbayes,mean_error,0.09883333333333334
hair,3,privbayes,mean_error,0.07566666666666667
hair,3,privbayes,mean_error,0.06866666666666667
hair,3,privbayes,mean_error,0.07566666666666666
hair,3,privbayes,mean_error,0.07116666666666666
hair,3,privbayes,mean_error,0.05866666666666667
hair,3,privbayes,mean_error,0.06249999999999999
hair,3,privbayes,mean_error,0.07433333333333332
hair,3,privbayes,mean_error,0.07633333333333332
hair,3,privbayes,mean_error,0.069
hair,3,privbayes,mean_error,0.066
hair,4,privbayes,mean_error,0.07450000000000001
hair,4,privbayes,mean_error,0.060666666666666674
hair,4,privbayes,mean_error,0.06866666666666667
hair,4,privbayes,mean_error,0.05183333333333333
hair,4,privbayes,mean_error,0.05
hair,4,privbayes,mean_error,0.05766666666666667
hair,4,privbayes,mean_error,0.07366666666666666
hair,4,privbayes,mean_error,0.06933333333333333
hair,4,privbayes,mean_error,0.06883333333333334
hair,4,privbayes,mean_error,0.059500000000000004
hair,5,privbayes,mean_error,0.06266666666666666
hair,5,privbayes,mean_error,0.059000000000000004
hair,5,privbayes,mean_error,0.07349999999999998
hair,5,privbayes,mean_error,0.058499999999999996
hair,5,privbayes,mean_error,0.055
hair,5,privbayes,mean_error,0.06333333333333332
hair,5,privbayes,mean_error,0.06533333333333333
hair,5,privbayes,mean_error,0.057833333333333334
hair,5,privbayes,mean_error,0.054000000000000006
hair,5,privbayes,mean_error,0.06133333333333333
hair,1,dpsyn,variance_error,0.20353888888888888
hair,1,dpsyn,variance_error,0.21429722222222225
hair,1,dpsyn,variance_error,0.2211472222222223
hair,1,dpsyn,variance_error,0.23068888888888886
hair,1,dpsyn,variance_error,0.179375
hair,1,dpsyn,variance_error,0.24183055555555558
hair,1,dpsyn,variance_error,0.24933333333333332
hair,1,dpsyn,variance_error,0.21623888888888892
hair,1,dpsyn,variance_error,0.2396361111111111
hair,1,dpsyn,variance_error,0.2372055555555556
hair,2,dpsyn,variance_error,0.20353888888888888
hair,2,dpsyn,variance_error,0.21429722222222225
hair,2,dpsyn,variance_error,0.2211472222222223
hair,2,dpsyn,variance_error,0.23068888888888886
hair,2,dpsyn,variance_error,0.179375
hair,2,dpsyn,variance_error,0.24183055555555558
hair,2,dpsyn,variance_error,0.24933333333333332
hair,2,dpsyn,variance_error,0.21623888888888892
hair,2,dpsyn,variance_error,0.2396361111111111
hair,2,dpsyn,variance_error,0.2372055555555556
hair,3,dpsyn,variance_error,0.20353888888888888
hair,3,dpsyn,variance_error,0.21429722222222225
hair,3,dpsyn,variance_error,0.2211472222222223
hair,3,dpsyn,variance_error,0.23068888888888886
hair,3,dpsyn,variance_error,0.179375
hair,3,dpsyn,variance_error,0.24183055555555558
hair,3,dpsyn,variance_error,0.24933333333333332
hair,3,dpsyn,variance_error,0.21623888888888892
hair,3,dpsyn,variance_error,0.2396361111111111
hair,3,dpsyn,variance_error,0.2372055555555556
hair,4,dpsyn,variance_error,0.20353888888888888
hair,4,dpsyn,variance_error,0.21429722222222225
hair,4,dpsyn,variance_error,0.2211472222222223
hair,4,dpsyn,variance_error,0.23068888888888886
hair,4,dpsyn,variance_error,0.179375
hair,4,dpsyn,variance_error,0.24183055555555558
hair,4,dpsyn,variance_error,0.24933333333333332
hair,4,dpsyn,variance_error,0.21623888888888892
hair,4,dpsyn,variance_error,0.2396361111111111
hair,4,dpsyn,variance_error,0.2372055555555556
hair,5,dpsyn,variance_error,0.20353888888888888
hair,5,dpsyn,variance_error,0.21429722222222225
hair,5,dpsyn,variance_error,0.2211472222222223
hair,5,dpsyn,variance_error,0.23068888888888886
hair,5,dpsyn,variance_error,0.179375
hair,5,dpsyn,variance_error,0.24183055555555558
hair,5,dpsyn,variance_error,0.24933333333333332
hair,5,dpsyn,variance_error,0.21623888888888892
hair,5,dpsyn,variance_error,0.2396361111111111
hair,5,dpsyn,variance_error,0.2372055555555556
hair,1,privbayes,variance_error,0.11142777777777776
hair,1,privbayes,variance_error,0.09843333333333333
hair,1,privbayes,variance_error,0.0930527777777778
hair,1,privbayes,variance_error,0.09703333333333333
hair,1,privbayes,variance_error,0.0675888888888889
hair,1,privbayes,variance_error,0.11236944444444441
hair,1,privbayes,variance_error,0.13847777777777778
hair,1,privbayes,variance_error,0.12306111111111111
hair,1,privbayes,variance_error,0.10096388888888891
hair,1,privbayes,variance_error,0.11085833333333335
hair,2,privbayes,variance_error,0.07484444444444444
hair,2,privbayes,variance_error,0.07354166666666667
hair,2,privbayes,variance_error,0.07482777777777777
hair,2,privbayes,variance_error,0.07058055555555556
hair,2,privbayes,variance_error,0.04929166666666665
hair,2,privbayes,variance_error,0.07086111111111111
hair,2,privbayes,variance_error,0.06947222222222223
hair,2,privbayes,variance_error,0.08469722222222224
hair,2,privbayes,variance_error,0.0730611111111111
hair,2,privbayes,variance_error,0.08710277777777777
hair,3,privbayes,variance_error,0.06450555555555555
hair,3,privbayes,variance_error,0.06201111111111111
hair,3,privbayes,variance_error,0.06990555555555557
hair,3,privbayes,variance_error,0.06638055555555557
hair,3,privbayes,variance_error,0.046583333333333324
hair,3,privbayes,variance_error,0.06218055555555555
hair,3,privbayes,variance_error,0.06918333333333335
hair,3,privbayes,variance_error,0.06810555555555556
hair,3,privbayes,variance_error,0.06304444444444444
hair,3,privbayes,variance_error,0.06540555555555556
hair,4,privbayes,variance_error,0.06348055555555554
hair,4,privbayes,variance_error,0.05447222222222223
hair,4,privbayes,variance_error,0.05674999999999998
hair,4,privbayes,variance_error,0.05257499999999998
hair,4,privbayes,variance_error,0.04615
hair,4,privbayes,variance_error,0.054333333333333324
hair,4,privbayes,variance_error,0.059766666666666655
hair,4,privbayes,variance_error,0.05572777777777779
hair,4,privbayes,variance_error,0.05947500000000001
hair,4,privbayes,variance_error,0.05186388888888891
hair,5,privbayes,variance_error,0.04492222222222221
hair,5,privbayes,variance_error,0.05569444444444445
hair,5,privbayes,variance_error,0.062469444444444466
hair,5,privbayes,variance_error,0.051208333333333356
hair,5,privbayes,variance_error,0.043277777777777776
hair,5,privbayes,variance_error,0.05896666666666668
hair,5,privbayes,variance_error,0.05613333333333335
hair,5,privbayes,variance_error,0.046180555555555565
hair,5,privbayes,variance_error,0.0464888888888889
hair,5,privbayes,variance_error,0.04869444444444444
lactose,1,dpsyn,point_error,0.6418333333333334
lactose,1,dpsyn,point_error,0.646
lactose,1,dpsyn,point_error,0.6468333333333334
lactose,1,dpsyn,point_error,0.6505
lactose,1,dpsyn,point_error,0.6413333333333333
lactose,1,dpsyn,point_error,0.6503333333333333
lactose,1,dpsyn,point_error,0.6468333333333334
lactose,1,dpsyn,point_error,0.6548333333333334
lactose,1,dpsyn,point_error,0.644
lactose,1,dpsyn,point_error,0.6536666666666666
lactose,2,dpsyn,point_error,0.6418333333333334
lactose,2,dpsyn,point_error,0.646
lactose,2,dpsyn,point_error,0.6468333333333334
lactose,2,dpsyn,point_error,0.6505
lactose,2,dpsyn,point_error,0.6413333333333333
lactose,2,dpsyn,point_error,0.6503333333333333
lactose,2,dpsyn,point_error,0.6468333333333334
lactose,2,dpsyn,point_error,0.6548333333333334
lactose,2,dpsyn,point_error,0.644
lactose,2,dpsyn,point_error,0.6536666666666666
lactose,3,dpsyn,point_error,0.6418333333333334
lactose,3,dpsyn,point_error,0.646
lactose,3,dpsyn,point_error,0.6468333333333334
lactose,3,dpsyn,point_error,0.6505
lactose,3,dpsyn,point_error,0.6413333333333333
lactose,3,dpsyn,point_error,0.6503333333333333
lactose,3,dpsyn,point_error,0.6468333333333334
lactose,3,dpsyn,point_error,0.6548333333333334
lactose,3,dpsyn,point_error,0.644
lactose,3,dpsyn,point_error,0.6536666666666666
lactose,4,dpsyn,point_error,0.6418333333333334
lactose,4,dpsyn,point_error,0.646
lactose,4,dpsyn,point_error,0.6468333333333334
lactose,4,dpsyn,point_error,0.6505
lactose,4,dpsyn,point_error,0.6413333333333333
lactose,4,dpsyn,point_error,0.6503333333333333
lactose,4,dpsyn,point_error,0.6468333333333334
lactose,4,dpsyn,point_error,0.6548333333333334
lactose,4,dpsyn,point_error,0.644
lactose,4,dpsyn,point_error,0.6536666666666666
lactose,5,dpsyn,point_error,0.6418333333333334
lactose,5,dpsyn,point_error,0.646
lactose,5,dpsyn,point_error,0.6468333333333334
lactose,5,dpsyn,point_error,0.6505
lactose,5,dpsyn,point_error,0.6413333333333333
lactose,5,dpsyn,point_error,0.6503333333333333
lactose,5,dpsyn,point_error,0.6468333333333334
lactose,5,dpsyn,point_error,0.6548333333333334
lactose,5,dpsyn,point_error,0.644
lactose,5,dpsyn,point_error,0.6536666666666666
lactose,1,privbayes,point_error,0.464
lactose,1,privbayes,point_error,0.4735
lactose,1,privbayes,point_error,0.4825
lactose,1,privbayes,point_error,0.4648333333333333
lactose,1,privbayes,point_error,0.49083333333333334
lactose,1,privbayes,point_error,0.4638333333333333
lactose,1,privbayes,point_error,0.48683333333333334
lactose,1,privbayes,point_error,0.4881666666666667
lactose,1,privbayes,point_error,0.47433333333333333
lactose,1,privbayes,point_error,0.48633333333333334
lactose,2,privbayes,point_error,0.416
lactose,2,privbayes,point_error,0.43766666666666665
lactose,2,privbayes,point_error,0.4535
lactose,2,privbayes,point_error,0.4365
lactose,2,privbayes,point_error,0.4485
lactose,2,privbayes,point_error,0.44216666666666665
lactose,2,privbayes,point_error,0.446
lactose,2,privbayes,point_error,0.42966666666666664
lactose,2,privbayes,point_error,0.43966666666666665
lactose,2,privbayes,point_error,0.45016666666666666
lactose,3,privbayes,point_error,0.4091666666666667
lactose,3,privbayes,point_error,0.42083333333333334
lactose,3,privbayes,point_error,0.44216666666666665
lactose,3,privbayes,point_error,0.4185
lactose,3,privbayes,point_error,0.42833333333333334
lactose,3,privbayes,point_error,0.42083333333333334
lactose,3,privbayes,point_error,0.43233333333333335
lactose,3,privbayes,point_error,0.43716666666666665
lactose,3,privbayes,point_error,0.42916666666666664
lactose,3,privbayes,point_error,0.438
lactose,4,privbayes,point_error,0.40066666666666667
lactose,4,privbayes,point_error,0.41983333333333334
lactose,4,privbayes,point_error,0.434
lactose,4,privbayes,point_error,0.4235
lactose,4,privbayes,point_error,0.41
lactose,4,privbayes,point_error,0.414
lactose,4,privbayes,point_error,0.43033333333333335
lactose,4,privbayes,point_error,0.42133333333333334
lactose,4,privbayes,point_error,0.41333333333333333
lactose,4,privbayes,point_error,0.43333333333333335
lactose,5,privbayes,point_error,0.39516666666666667
lactose,5,privbayes,point_error,0.421
lactose,5,privbayes,point_error,0.434
lactose,5,privbayes,point_error,0.41
lactose,5,privbayes,point_error,0.4116666666666667
lactose,5,privbayes,point_error,0.42233333333333334
lactose,5,privbayes,point_error,0.43316666666666664
lactose,5,privbayes,point_error,0.42033333333333334
lactose,5,privbayes,point_error,0.4038333333333333
lactose,5,privbayes,point_error,0.43233333333333335
lactose,1,dpsyn,calc_sample_distance,0.8709999999999999
lactose,1,dpsyn,calc_sample_distance,0.8788333333333334
lactose,1,dpsyn,calc_sample_distance,0.8736666666666667
lactose,1,dpsyn,calc_sample_distance,0.8923333333333333
lactose,1,dpsyn,calc_sample_distance,0.8766666666666667
lactose,1,dpsyn,calc_sample_distance,0.8801666666666664
lactose,1,dpsyn,calc_sample_distance,0.8806666666666667
lactose,1,dpsyn,calc_sample_distance,0.9008333333333333
lactose,1,dpsyn,calc_sample_distance,0.8726666666666667
lactose,1,dpsyn,calc_sample_distance,0.8913333333333332
lactose,2,dpsyn,calc_sample_distance,0.8709999999999999
lactose,2,dpsyn,calc_sample_distance,0.8788333333333334
lactose,2,dpsyn,calc_sample_distance,0.8736666666666667
lactose,2,dpsyn,calc_sample_distance,0.8923333333333333
lactose,2,dpsyn,calc_sample_distance,0.8766666666666667
lactose,2,dpsyn,calc_sample_distance,0.8801666666666664
lactose,2,dpsyn,calc_sample_distance,0.8806666666666667
lactose,2,dpsyn,calc_sample_distance,0.9008333333333333
lactose,2,dpsyn,calc_sample_distance,0.8726666666666667
lactose,2,dpsyn,calc_sample_distance,0.8913333333333332
lactose,3,dpsyn,calc_sample_distance,0.8709999999999999
lactose,3,dpsyn,calc_sample_distance,0.8788333333333334
lactose,3,dpsyn,calc_sample_distance,0.8736666666666667
lactose,3,dpsyn,calc_sample_distance,0.8923333333333333
lactose,3,dpsyn,calc_sample_distance,0.8766666666666667
lactose,3,dpsyn,calc_sample_distance,0.8801666666666664
lactose,3,dpsyn,calc_sample_distance,0.8806666666666667
lactose,3,dpsyn,calc_sample_distance,0.9008333333333333
lactose,3,dpsyn,calc_sample_distance,0.8726666666666667
lactose,3,dpsyn,calc_sample_distance,0.8913333333333332
lactose,4,dpsyn,calc_sample_distance,0.8709999999999999
lactose,4,dpsyn,calc_sample_distance,0.8788333333333334
lactose,4,dpsyn,calc_sample_distance,0.8736666666666667
lactose,4,dpsyn,calc_sample_distance,0.8923333333333333
lactose,4,dpsyn,calc_sample_distance,0.8766666666666667
lactose,4,dpsyn,calc_sample_distance,0.8801666666666664
lactose,4,dpsyn,calc_sample_distance,0.8806666666666667
lactose,4,dpsyn,calc_sample_distance,0.9008333333333333
lactose,4,dpsyn,calc_sample_distance,0.8726666666666667
lactose,4,dpsyn,calc_sample_distance,0.8913333333333332
lactose,5,dpsyn,calc_sample_distance,0.8709999999999999
lactose,5,dpsyn,calc_sample_distance,0.8788333333333334
lactose,5,dpsyn,calc_sample_distance,0.8736666666666667
lactose,5,dpsyn,calc_sample_distance,0.8923333333333333
lactose,5,dpsyn,calc_sample_distance,0.8766666666666667
lactose,5,dpsyn,calc_sample_distance,0.8801666666666664
lactose,5,dpsyn,calc_sample_distance,0.8806666666666667
lactose,5,dpsyn,calc_sample_distance,0.9008333333333333
lactose,5,dpsyn,calc_sample_distance,0.8726666666666667
lactose,5,dpsyn,calc_sample_distance,0.8913333333333332
lactose,1,privbayes,calc_sample_distance,0.5930000000000001
lactose,1,privbayes,calc_sample_distance,0.5973333333333335
lactose,1,privbayes,calc_sample_distance,0.61
lactose,1,privbayes,calc_sample_distance,0.5845
lactose,1,privbayes,calc_sample_distance,0.6233333333333333
lactose,1,privbayes,calc_sample_distance,0.5851666666666666
lactose,1,privbayes,calc_sample_distance,0.6128333333333332
lactose,1,privbayes,calc_sample_distance,0.632
lactose,1,privbayes,calc_sample_distance,0.5963333333333334
lactose,1,privbayes,calc_sample_distance,0.6178333333333332
lactose,2,privbayes,calc_sample_distance,0.5071666666666667
lactose,2,privbayes,calc_sample_distance,0.5366666666666667
lactose,2,privbayes,calc_sample_distance,0.5594999999999999
lactose,2,privbayes,calc_sample_distance,0.5421666666666667
lactose,2,privbayes,calc_sample_distance,0.5566666666666666
lactose,2,privbayes,calc_sample_distance,0.5426666666666667
lactose,2,privbayes,calc_sample_distance,0.5489999999999999
lactose,2,privbayes,calc_sample_distance,0.5456666666666669
lactose,2,privbayes,calc_sample_distance,0.5439999999999999
lactose,2,privbayes,calc_sample_distance,0.5573333333333333
lactose,3,privbayes,calc_sample_distance,0.5033333333333333
lactose,3,privbayes,calc_sample_distance,0.5191666666666667
lactose,3,privbayes,calc_sample_distance,0.5453333333333333
lactose,3,privbayes,calc_sample_distance,0.5128333333333334
lactose,3,privbayes,calc_sample_distance,0.5243333333333333
lactose,3,privbayes,calc_sample_distance,0.5136666666666667
lactose,3,privbayes,calc_sample_distance,0.5241666666666667
lactose,3,privbayes,calc_sample_distance,0.5471666666666667
lactose,3,privbayes,calc_sample_distance,0.5208333333333334
lactose,3,privbayes,calc_sample_distance,0.5449999999999999
lactose,4,privbayes,calc_sample_distance,0.4846666666666667
lactose,4,privbayes,calc_sample_distance,0.5133333333333333
lactose,4,privbayes,calc_sample_distance,0.5358333333333334
lactose,4,privbayes,calc_sample_distance,0.5228333333333334
lactose,4,privbayes,calc_sample_distance,0.5015
lactose,4,privbayes,calc_sample_distance,0.5025
lactose,4,privbayes,calc_sample_distance,0.5271666666666667
lactose,4,privbayes,calc_sample_distance,0.5268333333333334
lactose,4,privbayes,calc_sample_distance,0.4870000000000001
lactose,4,privbayes,calc_sample_distance,0.5338333333333334
lactose,5,privbayes,calc_sample_distance,0.4818333333333334
lactose,5,privbayes,calc_sample_distance,0.512
lactose,5,privbayes,calc_sample_distance,0.5283333333333333
lactose,5,privbayes,calc_sample_distance,0.5016666666666667
lactose,5,privbayes,calc_sample_distance,0.497
lactose,5,privbayes,calc_sample_distance,0.5066666666666667
lactose,5,privbayes,calc_sample_distance,0.5226666666666665
lactose,5,privbayes,calc_sample_distance,0.5238333333333334
lactose,5,privbayes,calc_sample_distance,0.4861666666666667
lactose,5,privbayes,calc_sample_distance,0.525
lactose,1,dpsyn,mean_error,0.63
lactose,1,dpsyn,mean_error,0.6085
lactose,1,dpsyn,mean_error,0.5763333333333333
lactose,1,dpsyn,mean_error,0.6306666666666667
lactose,1,dpsyn,mean_error,0.607
lactose,1,dpsyn,mean_error,0.6045000000000001
lactose,1,dpsyn,mean_error,0.601
lactose,1,dpsyn,mean_error,0.6321666666666667
lactose,1,dpsyn,mean_error,0.6186666666666666
lactose,1,dpsyn,mean_error,0.598
lactose,2,dpsyn,mean_error,0.63
lactose,2,dpsyn,mean_error,0.6085
lactose,2,dpsyn,mean_error,0.5763333333333333
lactose,2,dpsyn,mean_error,0.6306666666666667
lactose,2,dpsyn,mean_error,0.607
lactose,2,dpsyn,mean_error,0.6045000000000001
lactose,2,dpsyn,mean_error,0.601
lactose,2,dpsyn,mean_error,0.6321666666666667
lactose,2,dpsyn,mean_error,0.6186666666666666
lactose,2,dpsyn,mean_error,0.598
lactose,3,dpsyn,mean_error,0.63
lactose,3,dpsyn,mean_error,0.6085
lactose,3,dpsyn,mean_error,0.5763333333333333
lactose,3,dpsyn,mean_error,0.6306666666666667
lactose,3,dpsyn,mean_error,0.607
lactose,3,dpsyn,mean_error,0.6045000000000001
lactose,3,dpsyn,mean_error,0.601
lactose,3,dpsyn,mean_error,0.6321666666666667
lactose,3,dpsyn,mean_error,0.6186666666666666
lactose,3,dpsyn,mean_error,0.598
lactose,4,dpsyn,mean_error,0.63
lactose,4,dpsyn,mean_error,0.6085
lactose,4,dpsyn,mean_error,0.5763333333333333
lactose,4,dpsyn,mean_error,0.6306666666666667
lactose,4,dpsyn,mean_error,0.607
lactose,4,dpsyn,mean_error,0.6045000000000001
lactose,4,dpsyn,mean_error,0.601
lactose,4,dpsyn,mean_error,0.6321666666666667
lactose,4,dpsyn,mean_error,0.6186666666666666
lactose,4,dpsyn,mean_error,0.598
lactose,5,dpsyn,mean_error,0.63
lactose,5,dpsyn,mean_error,0.6085
lactose,5,dpsyn,mean_error,0.5763333333333333
lactose,5,dpsyn,mean_error,0.6306666666666667
lactose,5,dpsyn,mean_error,0.607
lactose,5,dpsyn,mean_error,0.6045000000000001
lactose,5,dpsyn,mean_error,0.601
lactose,5,dpsyn,mean_error,0.6321666666666667
lactose,5,dpsyn,mean_error,0.6186666666666666
lactose,5,dpsyn,mean_error,0.598
lactose,1,privbayes,mean_error,0.20700000000000002
lactose,1,privbayes,mean_error,0.2106666666666667
lactose,1,privbayes,mean_error,0.1866666666666667
lactose,1,privbayes,mean_error,0.18716666666666668
lactose,1,privbayes,mean_error,0.20599999999999993
lactose,1,privbayes,mean_error,0.18983333333333335
lactose,1,privbayes,mean_error,0.20316666666666666
lactose,1,privbayes,mean_error,0.23133333333333334
lactose,1,privbayes,mean_error,0.22200000000000003
lactose,1,privbayes,mean_error,0.1948333333333333
lactose,2,privbayes,mean_error,0.10650000000000003
lactose,2,privbayes,mean_error,0.11533333333333337
lactose,2,privbayes,mean_error,0.13449999999999998
lactose,2,privbayes,mean_error,0.1265
lactose,2,privbayes,mean_error,0.145
lactose,2,privbayes,mean_error,0.12033333333333333
lactose,2,privbayes,mean_error,0.11699999999999999
lactose,2,privbayes,mean_error,0.11299999999999999
lactose,2,privbayes,mean_error,0.13300000000000003
lactose,2,privbayes,mean_error,0.14
lactose,3,privbayes,mean_error,0.09233333333333332
lactose,3,privbayes,mean_error,0.0995
lactose,3,privbayes,mean_error,0.10133333333333334
lactose,3,privbayes,mean_error,0.10583333333333333
lactose,3,privbayes,mean_error,0.09533333333333335
lactose,3,privbayes,mean_error,0.09033333333333333
lactose,3,privbayes,mean_error,0.10683333333333334
lactose,3,privbayes,mean_error,0.09450000000000001
lactose,3,privbayes,mean_error,0.09049999999999998
lactose,3,privbayes,mean_error,0.09533333333333333
lactose,4,privbayes,mean_error,0.08299999999999999
lactose,4,privbayes,mean_error,0.07766666666666666
lactose,4,privbayes,mean_error,0.08116666666666666
lactose,4,privbayes,mean_error,0.08950000000000001
lactose,4,privbayes,mean_error,0.07716666666666666
lactose,4,privbayes,mean_error,0.08116666666666666
lactose,4,privbayes,mean_error,0.09149999999999998
lactose,4,privbayes,mean_error,0.08383333333333332
lactose,4,privbayes,mean_error,0.08099999999999997
lactose,4,privbayes,mean_error,0.06916666666666667
lactose,5,privbayes,mean_error,0.07549999999999998
lactose,5,privbayes,mean_error,0.08800000000000001
lactose,5,privbayes,mean_error,0.07533333333333334
lactose,5,privbayes,mean_error,0.07766666666666666
lactose,5,privbayes,mean_error,0.07
lactose,5,privbayes,mean_error,0.08533333333333334
lactose,5,privbayes,mean_error,0.081
lactose,5,privbayes,mean_error,0.08650000000000001
lactose,5,privbayes,mean_error,0.07350000000000001
lactose,5,privbayes,mean_error,0.07633333333333332
lactose,1,dpsyn,variance_error,0.3134388888888889
lactose,1,dpsyn,variance_error,0.29715277777777777
lactose,1,dpsyn,variance_error,0.27125000000000005
lactose,1,dpsyn,variance_error,0.3129388888888889
lactose,1,dpsyn,variance_error,0.29505555555555557
lactose,1,dpsyn,variance_error,0.29000277777777783
lactose,1,dpsyn,variance_error,0.2973222222222222
lactose,1,dpsyn,variance_error,0.30404722222222225
lactose,1,dpsyn,variance_error,0.3038777777777778
lactose,1,dpsyn,variance_error,0.28832222222222226
lactose,2,dpsyn,variance_error,0.3134388888888889
lactose,2,dpsyn,variance_error,0.29715277777777777
lactose,2,dpsyn,variance_error,0.27125000000000005
lactose,2,dpsyn,variance_error,0.3129388888888889
lactose,2,dpsyn,variance_error,0.29505555555555557
lactose,2,dpsyn,variance_error,0.29000277777777783
lactose,2,dpsyn,variance_error,0.2973222222222222
lactose,2,dpsyn,variance_error,0.30404722222222225
lactose,2,dpsyn,variance_error,0.3038777777777778
lactose,2,dpsyn,variance_error,0.28832222222222226
lactose,3,dpsyn,variance_error,0.3134388888888889
lactose,3,dpsyn,variance_error,0.29715277777777777
lactose,3,dpsyn,variance_error,0.27125000000000005
lactose,3,dpsyn,variance_error,0.3129388888888889
lactose,3,dpsyn,variance_error,0.29505555555555557
lactose,3,dpsyn,variance_error,0.29000277777777783
lactose,3,dpsyn,variance_error,0.2973222222222222
lactose,3,dpsyn,variance_error,0.30404722222222225
lactose,3,dpsyn,variance_error,0.3038777777777778
lactose,3,dpsyn,variance_error,0.28832222222222226
lactose,4,dpsyn,variance_error,0.3134388888888889
lactose,4,dpsyn,variance_error,0.29715277777777777
lactose,4,dpsyn,variance_error,0.27125000000000005
lactose,4,dpsyn,variance_error,0.3129388888888889
lactose,4,dpsyn,variance_error,0.29505555555555557
lactose,4,dpsyn,variance_error,0.29000277777777783
lactose,4,dpsyn,variance_error,0.2973222222222222
lactose,4,dpsyn,variance_error,0.30404722222222225
lactose,4,dpsyn,variance_error,0.3038777777777778
lactose,4,dpsyn,variance_error,0.28832222222222226
lactose,5,dpsyn,variance_error,0.3134388888888889
lactose,5,dpsyn,variance_error,0.29715277777777777
lactose,5,dpsyn,variance_error,0.27125000000000005
lactose,5,dpsyn,variance_error,0.3129388888888889
lactose,5,dpsyn,variance_error,0.29505555555555557
lactose,5,dpsyn,variance_error,0.29000277777777783
lactose,5,dpsyn,variance_error,0.2973222222222222
lactose,5,dpsyn,variance_error,0.30404722222222225
lactose,5,dpsyn,variance_error,0.3038777777777778
lactose,5,dpsyn,variance_error,0.28832222222222226
lactose,1,privbayes,variance_error,0.1803888888888889
lactose,1,privbayes,variance_error,0.18116111111111116
lactose,1,privbayes,variance_error,0.14693333333333333
lactose,1,privbayes,variance_error,0.16026388888888893
lactose,1,privbayes,variance_error,0.174
lactose,1,privbayes,variance_error,0.1673027777777778
lactose,1,privbayes,variance_error,0.17469722222222223
lactose,1,privbayes,variance_error,0.19887222222222217
lactose,1,privbayes,variance_error,0.19741111111111107
lactose,1,privbayes,variance_error,0.1692638888888889
lactose,2,privbayes,variance_error,0.11220833333333331
lactose,2,privbayes,variance_error,0.1105888888888889
lactose,2,privbayes,variance_error,0.12181944444444444
lactose,2,privbayes,variance_error,0.12154722222222222
lactose,2,privbayes,variance_error,0.13151111111111113
lactose,2,privbayes,variance_error,0.11348333333333334
lactose,2,privbayes,variance_error,0.11213333333333333
lactose,2,privbayes,variance_error,0.11976666666666669
lactose,2,privbayes,variance_error,0.1300888888888889
lactose,2,privbayes,variance_error,0.11548333333333334
lactose,3,privbayes,variance_error,0.09400555555555556
lactose,3,privbayes,variance_error,0.0947527777777778
lactose,3,privbayes,variance_error,0.09172777777777778
lactose,3,privbayes,variance_error,0.10488055555555556
lactose,3,privbayes,variance_error,0.09387777777777778
lactose,3,privbayes,variance_error,0.0951111111111111
lactose,3,privbayes,variance_error,0.09629166666666666
lactose,3,privbayes,variance_error,0.09954166666666665
lactose,3,privbayes,variance_error,0.089125
lactose,3,privbayes,variance_error,0.10358888888888888
lactose,4,privbayes,variance_error,0.07763888888888887
lactose,4,privbayes,variance_error,0.07596111111111112
lactose,4,privbayes,variance_error,0.0868638888888889
lactose,4,privbayes,variance_error,0.10217499999999999
lactose,4,privbayes,variance_error,0.07921944444444445
lactose,4,privbayes,variance_error,0.08498055555555556
lactose,4,privbayes,variance_error,0.08710277777777778
lactose,4,privbayes,variance_error,0.09361944444444445
lactose,4,privbayes,variance_error,0.06911111111111111
lactose,4,privbayes,variance_error,0.07098055555555556
lactose,5,privbayes,variance_error,0.07739166666666665
lactose,5,privbayes,variance_error,0.0876888888888889
lactose,5,privbayes,variance_error,0.07566666666666666
lactose,5,privbayes,variance_error,0.08453888888888889
lactose,5,privbayes,variance_error,0.07689444444444446
lactose,5,privbayes,variance_error,0.0871555555555556
lactose,5,privbayes,variance_error,0.08504999999999997
lactose,5,privbayes,variance_error,0.09053055555555556
lactose,5,privbayes,variance_error,0.07650277777777778
lactose,5,privbayes,variance_error,0.06593333333333332
eye,1,dpsyn,point_error,0.636209476309227
eye,1,dpsyn,point_error,0.6329177057356609
eye,1,dpsyn,point_error,0.6163092269326683
eye,1,dpsyn,point_error,0.6165835411471322
eye,1,dpsyn,point_error,0.6373067331670823
eye,1,dpsyn,point_error,0.6188029925187032
eye,1,dpsyn,point_error,0.598004987531172
eye,1,dpsyn,point_error,0.613715710723192
eye,1,dpsyn,point_error,0.6218703241895261
eye,1,dpsyn,point_error,0.647206982543641
eye,2,dpsyn,point_error,0.636209476309227
eye,2,dpsyn,point_error,0.6329177057356609
eye,2,dpsyn,point_error,0.6163092269326683
eye,2,dpsyn,point_error,0.6165835411471322
eye,2,dpsyn,point_error,0.6373067331670823
eye,2,dpsyn,point_error,0.6188029925187032
eye,2,dpsyn,point_error,0.598004987531172
eye,2,dpsyn,point_error,0.613715710723192
eye,2,dpsyn,point_error,0.6218703241895261
eye,2,dpsyn,point_error,0.647206982543641
eye,3,dpsyn,point_error,0.636209476309227
eye,3,dpsyn,point_error,0.6329177057356609
eye,3,dpsyn,point_error,0.6163092269326683
eye,3,dpsyn,point_error,0.6165835411471322
eye,3,dpsyn,point_error,0.6373067331670823
eye,3,dpsyn,point_error,0.6188029925187032
eye,3,dpsyn,point_error,0.598004987531172
eye,3,dpsyn,point_error,0.613715710723192
eye,3,dpsyn,point_error,0.6218703241895261
eye,3,dpsyn,point_error,0.647206982543641
eye,4,dpsyn,point_error,0.636209476309227
eye,4,dpsyn,point_error,0.6329177057356609
eye,4,dpsyn,point_error,0.6163092269326683
eye,4,dpsyn,point_error,0.6165835411471322
eye,4,dpsyn,point_error,0.6373067331670823
eye,4,dpsyn,point_error,0.6188029925187032
eye,4,dpsyn,point_error,0.598004987531172
eye,4,dpsyn,point_error,0.613715710723192
eye,4,dpsyn,point_error,0.6218703241895261
eye,4,dpsyn,point_error,0.647206982543641
eye,5,dpsyn,point_error,0.636209476309227
eye,5,dpsyn,point_error,0.6329177057356609
eye,5,dpsyn,point_error,0.6163092269326683
eye,5,dpsyn,point_error,0.6165835411471322
eye,5,dpsyn,point_error,0.6373067331670823
eye,5,dpsyn,point_error,0.6188029925187032
eye,5,dpsyn,point_error,0.598004987531172
eye,5,dpsyn,point_error,0.613715710723192
eye,5,dpsyn,point_error,0.6218703241895261
eye,5,dpsyn,point_error,0.647206982543641
eye,1,privbayes,point_error,0.32895261845386536
eye,1,privbayes,point_error,0.3659850374064838
eye,1,privbayes,point_error,0.3351620947630923
eye,1,privbayes,point_error,0.32785536159601
eye,1,privbayes,point_error,0.3532418952618454
eye,1,privbayes,point_error,0.37339152119700747
eye,1,privbayes,point_error,0.3250872817955112
eye,1,privbayes,point_error,0.36164588528678304
eye,1,privbayes,point_error,0.3770573566084788
eye,1,privbayes,point_error,0.3736159600997506
eye,2,privbayes,point_error,0.3288279301745636
eye,2,privbayes,point_error,0.3555112219451372
eye,2,privbayes,point_error,0.32822942643391523
eye,2,privbayes,point_error,0.32900249376558605
eye,2,privbayes,point_error,0.35134663341645883
eye,2,privbayes,point_error,0.35922693266832917
eye,2,privbayes,point_error,0.32825436408977554
eye,2,privbayes,point_error,0.3564339152119701
eye,2,privbayes,point_error,0.3664588528678304
eye,2,privbayes,point_error,0.3742892768079801
eye,3,privbayes,point_error,0.3284788029925187
eye,3,privbayes,point_error,0.3570074812967581
eye,3,privbayes,point_error,0.3302493765586035
eye,3,privbayes,point_error,0.32915211970074815
eye,3,privbayes,point_error,0.3514214463840399
eye,3,privbayes,point_error,0.36054862842892765
eye,3,privbayes,point_error,0.3238403990024938
eye,3,privbayes,point_error,0.36341645885286783
eye,3,privbayes,point_error,0.3645885286783042
eye,3,privbayes,point_error,0.36668329177057357
eye,4,privbayes,point_error,0.32628428927680797
eye,4,privbayes,point_error,0.35306733167082294
eye,4,privbayes,point_error,0.3258852867830424
eye,4,privbayes,point_error,0.32997506234413965
eye,4,privbayes,point_error,0.3440648379052369
eye,4,privbayes,point_error,0.3572069825436409
eye,4,privbayes,point_error,0.319501246882793
eye,4,privbayes,point_error,0.35992518703241894
eye,4,privbayes,point_error,0.3608977556109726
eye,4,privbayes,point_error,0.3644139650872818
eye,5,privbayes,point_error,0.3297506234413965
eye,5,privbayes,point_error,0.358428927680798
eye,5,privbayes,point_error,0.33174563591022443
eye,5,privbayes,point_error,0.3223940149625935
eye,5,privbayes,point_error,0.343142144638404
eye,5,privbayes,point_error,0.3626683291770574
eye,5,privbayes,point_error,0.3185785536159601
eye,5,privbayes,point_error,0.349002493765586
eye,5,privbayes,point_error,0.3658354114713217
eye,5,privbayes,point_error,0.36149625935162094
eye,1,dpsyn,calc_sample_distance,0.8611720698254365
eye,1,dpsyn,calc_sample_distance,0.8543640897755611
eye,1,dpsyn,calc_sample_distance,0.8384039900249376
eye,1,dpsyn,calc_sample_distance,0.8367581047381545
eye,1,dpsyn,calc_sample_distance,0.8721197007481296
eye,1,dpsyn,calc_sample_distance,0.8459102244389028
eye,1,dpsyn,calc_sample_distance,0.8063591022443891
eye,1,dpsyn,calc_sample_distance,0.830299251870324
eye,1,dpsyn,calc_sample_distance,0.8499999999999999
eye,1,dpsyn,calc_sample_distance,0.8793266832917707
eye,2,dpsyn,calc_sample_distance,0.8611720698254365
eye,2,dpsyn,calc_sample_distance,0.8543640897755611
eye,2,dpsyn,calc_sample_distance,0.8384039900249376
eye,2,dpsyn,calc_sample_distance,0.8367581047381545
eye,2,dpsyn,calc_sample_distance,0.8721197007481296
eye,2,dpsyn,calc_sample_distance,0.8459102244389028
eye,2,dpsyn,calc_sample_distance,0.8063591022443891
eye,2,dpsyn,calc_sample_distance,0.830299251870324
eye,2,dpsyn,calc_sample_distance,0.8499999999999999
eye,2,dpsyn,calc_sample_distance,0.8793266832917707
eye,3,dpsyn,calc_sample_distance,0.8611720698254365
eye,3,dpsyn,calc_sample_distance,0.8543640897755611
eye,3,dpsyn,calc_sample_distance,0.8384039900249376
eye,3,dpsyn,calc_sample_distance,0.8367581047381545
eye,3,dpsyn,calc_sample_distance,0.8721197007481296
eye,3,dpsyn,calc_sample_distance,0.8459102244389028
eye,3,dpsyn,calc_sample_distance,0.8063591022443891
eye,3,dpsyn,calc_sample_distance,0.830299251870324
eye,3,dpsyn,calc_sample_distance,0.8499999999999999
eye,3,dpsyn,calc_sample_distance,0.8793266832917707
eye,4,dpsyn,calc_sample_distance,0.8611720698254365
eye,4,dpsyn,calc_sample_distance,0.8543640897755611
eye,4,dpsyn,calc_sample_distance,0.8384039900249376
eye,4,dpsyn,calc_sample_distance,0.8367581047381545
eye,4,dpsyn,calc_sample_distance,0.8721197007481296
eye,4,dpsyn,calc_sample_distance,0.8459102244389028
eye,4,dpsyn,calc_sample_distance,0.8063591022443891
eye,4,dpsyn,calc_sample_distance,0.830299251870324
eye,4,dpsyn,calc_sample_distance,0.8499999999999999
eye,4,dpsyn,calc_sample_distance,0.8793266832917707
eye,5,dpsyn,calc_sample_distance,0.8611720698254365
eye,5,dpsyn,calc_sample_distance,0.8543640897755611
eye,5,dpsyn,calc_sample_distance,0.8384039900249376
eye,5,dpsyn,calc_sample_distance,0.8367581047381545
eye,5,dpsyn,calc_sample_distance,0.8721197007481296
eye,5,dpsyn,calc_sample_distance,0.8459102244389028
eye,5,dpsyn,calc_sample_distance,0.8063591022443891
eye,5,dpsyn,calc_sample_distance,0.830299251870324
eye,5,dpsyn,calc_sample_distance,0.8499999999999999
eye,5,dpsyn,calc_sample_distance,0.8793266832917707
eye,1,privbayes,calc_sample_distance,0.39221945137157105
eye,1,privbayes,calc_sample_distance,0.43513715710723194
eye,1,privbayes,calc_sample_distance,0.3964339152119701
eye,1,privbayes,calc_sample_distance,0.38882793017456363
eye,1,privbayes,calc_sample_distance,0.414364089775561
eye,1,privbayes,calc_sample_distance,0.4414463840399003
eye,1,privbayes,calc_sample_distance,0.38586034912718203
eye,1,privbayes,calc_sample_distance,0.4292269326683292
eye,1,privbayes,calc_sample_distance,0.44591022443890277
eye,1,privbayes,calc_sample_distance,0.4393516209476309
eye,2,privbayes,calc_sample_distance,0.38922693266832914
eye,2,privbayes,calc_sample_distance,0.41922693266832917
eye,2,privbayes,calc_sample_distance,0.3851122194513716
eye,2,privbayes,calc_sample_distance,0.38810473815461344
eye,2,privbayes,calc_sample_distance,0.4085785536159602
eye,2,privbayes,calc_sample_distance,0.4246633416458853
eye,2,privbayes,calc_sample_distance,0.38862842892768074
eye,2,privbayes,calc_sample_distance,0.42201995012468835
eye,2,privbayes,calc_sample_distance,0.4315960099750623
eye,2,privbayes,calc_sample_distance,0.4410473815461347
eye,3,privbayes,calc_sample_distance,0.3870074812967581
eye,3,privbayes,calc_sample_distance,0.4192269326683292
eye,3,privbayes,calc_sample_distance,0.3868079800498753
eye,3,privbayes,calc_sample_distance,0.38705735660847873
eye,3,privbayes,calc_sample_distance,0.4064089775561097
eye,3,privbayes,calc_sample_distance,0.42416458852867833
eye,3,privbayes,calc_sample_distance,0.38187032418952616
eye,3,privbayes,calc_sample_distance,0.42920199501246886
eye,3,privbayes,calc_sample_distance,0.4259102244389028
eye,3,privbayes,calc_sample_distance,0.4296758104738155
eye,4,privbayes,calc_sample_distance,0.38458852867830423
eye,4,privbayes,calc_sample_distance,0.41346633416458856
eye,4,privbayes,calc_sample_distance,0.38102244389027423
eye,4,privbayes,calc_sample_distance,0.3856857855361597
eye,4,privbayes,calc_sample_distance,0.3972069825436409
eye,4,privbayes,calc_sample_distance,0.42064837905236907
eye,4,privbayes,calc_sample_distance,0.37640897755610975
eye,4,privbayes,calc_sample_distance,0.42598503740648375
eye,4,privbayes,calc_sample_distance,0.4223940149625935
eye,4,privbayes,calc_sample_distance,0.42511221945137156
eye,5,privbayes,calc_sample_distance,0.3887531172069825
eye,5,privbayes,calc_sample_distance,0.421072319201995
eye,5,privbayes,calc_sample_distance,0.3872568578553616
eye,5,privbayes,calc_sample_distance,0.37665835411471327
eye,5,privbayes,calc_sample_distance,0.396932668329177
eye,5,privbayes,calc_sample_distance,0.4260349127182045
eye,5,privbayes,calc_sample_distance,0.3743640897755611
eye,5,privbayes,calc_sample_distance,0.41294264339152115
eye,5,privbayes,calc_sample_distance,0.4282294264339152
eye,5,privbayes,calc_sample_distance,0.42159600997506236
eye,1,dpsyn,mean_error,0.6348877805486284
eye,1,dpsyn,mean_error,0.6062842892768081
eye,1,dpsyn,mean_error,0.6277306733167083
eye,1,dpsyn,mean_error,0.6291770573566084
eye,1,dpsyn,mean_error,0.6375561097256859
eye,1,dpsyn,mean_error,0.602219451371571
eye,1,dpsyn,mean_error,0.5796259351620947
eye,1,dpsyn,mean_error,0.5741895261845387
eye,1,dpsyn,mean_error,0.6011221945137156
eye,1,dpsyn,mean_error,0.6443640897755611
eye,2,dpsyn,mean_error,0.6348877805486284
eye,2,dpsyn,mean_error,0.6062842892768081
eye,2,dpsyn,mean_error,0.6277306733167083
eye,2,dpsyn,mean_error,0.6291770573566084
eye,2,dpsyn,mean_error,0.6375561097256859
eye,2,dpsyn,mean_error,0.602219451371571
eye,2,dpsyn,mean_error,0.5796259351620947
eye,2,dpsyn,mean_error,0.5741895261845387
eye,2,dpsyn,mean_error,0.6011221945137156
eye,2,dpsyn,mean_error,0.6443640897755611
eye,3,dpsyn,mean_error,0.6348877805486284
eye,3,dpsyn,mean_error,0.6062842892768081
eye,3,dpsyn,mean_error,0.6277306733167083
eye,3,dpsyn,mean_error,0.6291770573566084
eye,3,dpsyn,mean_error,0.6375561097256859
eye,3,dpsyn,mean_error,0.602219451371571
eye,3,dpsyn,mean_error,0.5796259351620947
eye,3,dpsyn,mean_error,0.5741895261845387
eye,3,dpsyn,mean_error,0.6011221945137156
eye,3,dpsyn,mean_error,0.6443640897755611
eye,4,dpsyn,mean_error,0.6348877805486284
eye,4,dpsyn,mean_error,0.6062842892768081
eye,4,dpsyn,mean_error,0.6277306733167083
eye,4,dpsyn,mean_error,0.6291770573566084
eye,4,dpsyn,mean_error,0.6375561097256859
eye,4,dpsyn,mean_error,0.602219451371571
eye,4,dpsyn,mean_error,0.5796259351620947
eye,4,dpsyn,mean_error,0.5741895261845387
eye,4,dpsyn,mean_error,0.6011221945137156
eye,4,dpsyn,mean_error,0.6443640897755611
eye,5,dpsyn,mean_error,0.6348877805486284
eye,5,dpsyn,mean_error,0.6062842892768081
eye,5,dpsyn,mean_error,0.6277306733167083
eye,5,dpsyn,mean_error,0.6291770573566084
eye,5,dpsyn,mean_error,0.6375561097256859
eye,5,dpsyn,mean_error,0.602219451371571
eye,5,dpsyn,mean_error,0.5796259351620947
eye,5,dpsyn,mean_error,0.5741895261845387
eye,5,dpsyn,mean_error,0.6011221945137156
eye,5,dpsyn,mean_error,0.6443640897755611
eye,1,privbayes,mean_error,0.03566084788029926
eye,1,privbayes,mean_error,0.04201995012468828
eye,1,privbayes,mean_error,0.03613466334164589
eye,1,privbayes,mean_error,0.03177057356608479
eye,1,privbayes,mean_error,0.03695760598503741
eye,1,privbayes,mean_error,0.04094763092269326
eye,1,privbayes,mean_error,0.031496259351620946
eye,1,privbayes,mean_error,0.03396508728179551
eye,1,privbayes,mean_error,0.043765586034912714
eye,1,privbayes,mean_error,0.03551122194513716
eye,2,privbayes,mean_error,0.026334164588528677
eye,2,privbayes,mean_error,0.02655860349127182
eye,2,privbayes,mean_error,0.02610972568578554
eye,2,privbayes,mean_error,0.02945137157107232
eye,2,privbayes,mean_error,0.029226932668329174
eye,2,privbayes,mean_error,0.024114713216957608
eye,2,privbayes,mean_error,0.02683291770573566
eye,2,privbayes,mean_error,0.02216957605985037
eye,2,privbayes,mean_error,0.02506234413965087
eye,2,privbayes,mean_error,0.03785536159600997
eye,3,privbayes,mean_error,0.022169576059850375
eye,3,privbayes,mean_error,0.02391521197007481
eye,3,privbayes,mean_error,0.0242643391521197
eye,3,privbayes,mean_error,0.02197007481296758
eye,3,privbayes,mean_error,0.026658354114713213
eye,3,privbayes,mean_error,0.025062344139650868
eye,3,privbayes,mean_error,0.022019950124688287
eye,3,privbayes,mean_error,0.02835411471321696
eye,3,privbayes,mean_error,0.02446384039900249
eye,3,privbayes,mean_error,0.02912718204488778
eye,4,privbayes,mean_error,0.02319201995012469
eye,4,privbayes,mean_error,0.02174563591022444
eye,4,privbayes,mean_error,0.022867830423940153
eye,4,privbayes,mean_error,0.023142144638403986
eye,4,privbayes,mean_error,0.020648379052369076
eye,4,privbayes,mean_error,0.02109725685785535
eye,4,privbayes,mean_error,0.019251870324189523
eye,4,privbayes,mean_error,0.02513715710723192
eye,4,privbayes,mean_error,0.0228927680798005
eye,4,privbayes,mean_error,0.025610972568578555
eye,5,privbayes,mean_error,0.02221945137157108
eye,5,privbayes,mean_error,0.02596009975062344
eye,5,privbayes,mean_error,0.024613466334164585
eye,5,privbayes,mean_error,0.01860349127182045
eye,5,privbayes,mean_error,0.021321695760598502
eye,5,privbayes,mean_error,0.022543640897755613
eye,5,privbayes,mean_error,0.021147132169576057
eye,5,privbayes,mean_error,0.02491271820448878
eye,5,privbayes,mean_error,0.023391521197007478
eye,5,privbayes,mean_error,0.024937655860349125
eye,1,dpsyn,variance_error,0.3585939142169514
eye,1,dpsyn,variance_error,0.3335793931629778
eye,1,dpsyn,variance_error,0.3496857606606924
eye,1,dpsyn,variance_error,0.35098923514157254
eye,1,dpsyn,variance_error,0.3685182306080186
eye,1,dpsyn,variance_error,0.3308347584903079
eye,1,dpsyn,variance_error,0.33026971225303325
eye,1,dpsyn,variance_error,0.3194641824366764
eye,1,dpsyn,variance_error,0.33855000901735693
eye,1,dpsyn,variance_error,0.3545413274793067
eye,2,dpsyn,variance_error,0.3585939142169514
eye,2,dpsyn,variance_error,0.3335793931629778
eye,2,dpsyn,variance_error,0.3496857606606924
eye,2,dpsyn,variance_error,0.35098923514157254
eye,2,dpsyn,variance_error,0.3685182306080186
eye,2,dpsyn,variance_error,0.3308347584903079
eye,2,dpsyn,variance_error,0.33026971225303325
eye,2,dpsyn,variance_error,0.3194641824366764
eye,2,dpsyn,variance_error,0.33855000901735693
eye,2,dpsyn,variance_error,0.3545413274793067
eye,3,dpsyn,variance_error,0.3585939142169514
eye,3,dpsyn,variance_error,0.3335793931629778
eye,3,dpsyn,variance_error,0.3496857606606924
eye,3,dpsyn,variance_error,0.35098923514157254
eye,3,dpsyn,variance_error,0.3685182306080186
eye,3,dpsyn,variance_error,0.3308347584903079
eye,3,dpsyn,variance_error,0.33026971225303325
eye,3,dpsyn,variance_error,0.3194641824366764
eye,3,dpsyn,variance_error,0.33855000901735693
eye,3,dpsyn,variance_error,0.3545413274793067
eye,4,dpsyn,variance_error,0.3585939142169514
eye,4,dpsyn,variance_error,0.3335793931629778
eye,4,dpsyn,variance_error,0.3496857606606924
eye,4,dpsyn,variance_error,0.35098923514157254
eye,4,dpsyn,variance_error,0.3685182306080186
eye,4,dpsyn,variance_error,0.3308347584903079
eye,4,dpsyn,variance_error,0.33026971225303325
eye,4,dpsyn,variance_error,0.3194641824366764
eye,4,dpsyn,variance_error,0.33855000901735693
eye,4,dpsyn,variance_error,0.3545413274793067
eye,5,dpsyn,variance_error,0.3585939142169514
eye,5,dpsyn,variance_error,0.3335793931629778
eye,5,dpsyn,variance_error,0.3496857606606924
eye,5,dpsyn,variance_error,0.35098923514157254
eye,5,dpsyn,variance_error,0.3685182306080186
eye,5,dpsyn,variance_error,0.3308347584903079
eye,5,dpsyn,variance_error,0.33026971225303325
eye,5,dpsyn,variance_error,0.3194641824366764
eye,5,dpsyn,variance_error,0.33855000901735693
eye,5,dpsyn,variance_error,0.3545413274793067
eye,1,privbayes,variance_error,0.04178680480842781
eye,1,privbayes,variance_error,0.04602832071939852
eye,1,privbayes,variance_error,0.04190322199488808
eye,1,privbayes,variance_error,0.0376538703117518
eye,1,privbayes,variance_error,0.04896934720555219
eye,1,privbayes,variance_error,0.04611600674125161
eye,1,privbayes,variance_error,0.03657527005429071
eye,1,privbayes,variance_error,0.042032823178960343
eye,1,privbayes,variance_error,0.04829385389394345
eye,1,privbayes,variance_error,0.03904229451309383
eye,2,privbayes,variance_error,0.028435519679603987
eye,2,privbayes,variance_error,0.026153817451384023
eye,2,privbayes,variance_error,0.02995715200776115
eye,2,privbayes,variance_error,0.03376309848819347
eye,2,privbayes,variance_error,0.029016610593217695
eye,2,privbayes,variance_error,0.027767986517496762
eye,2,privbayes,variance_error,0.02895877513199545
eye,2,privbayes,variance_error,0.024515146050086745
eye,2,privbayes,variance_error,0.030848439997263687
eye,2,privbayes,variance_error,0.03627265999589555
eye,3,privbayes,variance_error,0.021527229308275456
eye,3,privbayes,variance_error,0.024644125347479173
eye,3,privbayes,variance_error,0.025442627844354214
eye,3,privbayes,variance_error,0.023590027425202574
eye,3,privbayes,variance_error,0.026204439027120472
eye,3,privbayes,variance_error,0.025094495680997017
eye,3,privbayes,variance_error,0.022743266521974358
eye,3,privbayes,variance_error,0.026457173773794942
eye,3,privbayes,variance_error,0.027060030721201972
eye,3,privbayes,variance_error,0.027583161796257482
eye,4,privbayes,variance_error,0.024836412708876175
eye,4,privbayes,variance_error,0.021554467944851094
eye,4,privbayes,variance_error,0.02064900093904888
eye,4,privbayes,variance_error,0.023364904447111638
eye,4,privbayes,variance_error,0.022958190558516417
eye,4,privbayes,variance_error,0.0215860597881854
eye,4,privbayes,variance_error,0.020461564293754394
eye,4,privbayes,variance_error,0.024532683254457364
eye,4,privbayes,variance_error,0.025470488367609664
eye,4,privbayes,variance_error,0.025189146833663977
eye,5,privbayes,variance_error,0.02161566159414431
eye,5,privbayes,variance_error,0.02338468044352958
eye,5,privbayes,variance_error,0.02343679454729759
eye,5,privbayes,variance_error,0.020276242063171256
eye,5,privbayes,variance_error,0.022583068513255505
eye,5,privbayes,variance_error,0.02250247199955224
eye,5,privbayes,variance_error,0.020332584996361956
eye,5,privbayes,variance_error,0.02415494928514126
eye,5,privbayes,variance_error,0.021739541420762315
eye,5,privbayes,variance_error,0.021684442260931216
